{
  "LinearRegression": {
    "mean_rmse": 33198.559589146025,
    "std_rmse": 17232.992931263703,
    "cv_scores": [
      -1050903705.8032547,
      -1567632634.769686,
      -1272276975.4301555,
      -914772363.7336998,
      -705136114.2336006
    ]
  },
  "Ridge": {
    "mean_rmse": 32759.274245720688,
    "std_rmse": 17182.640979557844,
    "cv_scores": [
      -1047277944.3793299,
      -1576057385.2602777,
      -1150409718.8638203,
      -902641499.8518282,
      -689463697.1764373
    ]
  },
  "Lasso": {
    "mean_rmse": 33124.06868094281,
    "std_rmse": 17197.208158933587,
    "cv_scores": [
      -1050296055.9269518,
      -1568050015.0219321,
      -1251668096.801719,
      -913577927.5715084,
      -702427534.5769706
    ]
  },
  "ElasticNet": {
    "mean_rmse": 33070.87657189586,
    "std_rmse": 17911.39892731252,
    "cv_scores": [
      -1081476088.5536025,
      -1684681818.6197925,
      -1054564333.0111647,
      -918816614.4733278,
      -728875531.5099657
    ]
  },
  "RandomForest": {
    "mean_rmse": 34053.778524208145,
    "std_rmse": 17605.984486515776,
    "cv_scores": [
      -1102148235.8808005,
      -1729963024.4186,
      -1126813609.5062664,
      -1053109728.3219734,
      -786264560.7514583
    ]
  },
  "XGBoost": {
    "mean_rmse": 36902.81931253416,
    "std_rmse": 16195.275598583736,
    "cv_scores": [
      -1405218690.121593,
      -1838494225.9897945,
      -1278800933.0187588,
      -1222237772.6942792,
      -1064338744.2432946
    ]
  },
  "GradientBoosting": {
    "mean_rmse": 33819.212788177996,
    "std_rmse": 18621.342496947815,
    "cv_scores": [
      -1090613556.910672,
      -1799007569.054318,
      -1048609041.0264947,
      -1015559077.4103042,
      -764906523.6585206
    ]
  },
  "LightGBM": {
    "mean_rmse": 33937.079173399645,
    "std_rmse": 15964.565214954124,
    "cv_scores": [
      -1069504761.5177287,
      -1622212016.938038,
      -1142760211.6347604,
      -1073101646.0252272,
      -851048077.9922265
    ]
  },
  "DecisionTree": {
    "mean_rmse": 45434.10852233047,
    "std_rmse": 16277.824906480113,
    "cv_scores": [
      -1990047903.0901153,
      -2584160070.776009,
      -1979712214.7483194,
      -1921586095.178063,
      -1845784802.3020046
    ]
  }
}